,Unnamed: 0,_id,ltable_Id,rtable_Id,ltable_Name,ltable_Street,ltable_Address,ltable_Cuisines,ltable_Take Out,rtable_Name,rtable_Street,rtable_Address,rtable_Cuisines,rtable_Take Out,label
546,1491,1491,3573,213,los tacos no. 1,75 9th ave ,"75 9th ave new york city, ny 10011-7006",Mexican;Latin;Fast Food,Yes,ninth street espresso,75 9th ave,75 9th avenew york ny 10011,Coffee & Tea;Cafes,Yes,0
120,316,316,771,3027,daniel,60 east 65th street ,"60 east 65th street new york city, ny 10065-7056",French;Vegetarian Friendly;Vegan Options,No,daniel,60 e 65th st.,60 e 65th st.new york ny 10065,French;American (Traditional);Cocktail Bars,No,1
81,218,218,557,2352,blaue gans,139 duane st ,"139 duane st new york city, ny 10013-3845",German;Austrian;European,No,blaue gans,139 duane st,139 duane stnew york ny 10013,German;Austrian;Beer Bar,Yes,1
441,1193,1193,2968,3120,chinese tuxedo nyc,5 doyers st ,"5 doyers st new york city, ny 10013-5140",Chinese;Asian,No,chinese tuxedo,5 doyers st,5 doyers stnew york ny 10013,Chinese;Seafood;Noodles,No,1
308,804,804,2049,65,n.y. dosas,50 washington sq s ,"50 washington sq s new york city, ny 10012-1018",Indian;Fast Food;Vegetarian Friendly,Yes,ny dosas,50 washington sq s,50 washington sq snew york ny 10014,Indian;Food Stands;Vegetarian,Yes,1
585,1596,1596,3839,265,go! go! curry!,273 w 38th st ,"273 w 38th st new york city, ny 10018-4416",Japanese;Fast Food;Asian,Yes,go! go! curry!,273 w 38th st,273 w 38th stnew york ny 10018,Japanese Curry,Yes,1
579,1583,1583,3802,2202,bathtub gin,136 9th ave ,"136 9th ave new york city, ny 10011-4949",American,No,bathtub gin,132 9th ave,132 9th avenew york ny 10011,Bars,No,1
160,419,419,1034,1437,savann restaurant,2280 frederick douglass blvd ,"2280 frederick douglass blvd new york city, ny 10027-5329",Mediterranean;Turkish;Vegetarian Friendly,Yes,lido,2168 frederick douglass blvd,2168 frederick douglass blvdnew york ny 10026,Italian;Breakfast & Brunch;Cocktail Bars,Yes,0
588,1606,1606,3858,2788,tick tock diner,481 8th ave ,"481 8th ave new york city, ny 10001-1809",American;Diner;Vegetarian Friendly,Yes,butcher & banker,481 8th ave,481 8th avenew york ny 10001,Steakhouses;American (New);Cocktail Bars,No,0
238,629,629,1595,2217,hearth,403 e 12th st ,"403 e 12th st new york city, ny 10009-4024",American;Vegetarian Friendly;Gluten Free Options,No,hearth,403 e 12th st,403 e 12th stnew york ny 10009,American (New);Italian;Breakfast & Brunch,No,1
440,1189,1189,2965,2422,maya,1191 1st ave ,"1191 1st ave new york city, ny 10065-7108",Mexican;Latin;Contemporary,Yes,maya,1191 1st avebetween 64th st & 65th st,1191 1st avebetween 64th st & 65th stnew york ny 10065,Mexican,Yes,1
487,1315,1315,3161,3065,blake & todd,52 vanderbilt ave ,"52 vanderbilt ave new york city, ny 10017-3808",American,Yes,ammos estiatorio,52 vanderbilt ave,52 vanderbilt avenew york ny 10017,Greek;Seafood,Yes,0
397,1078,1078,2741,2548,per se,10 columbus cir ,"10 columbus cir new york city, ny 10019-1158",French;American;Vegetarian Friendly,No,ascent lounge,10 columbus cirfl 4,10 columbus cirfl 4new york ny 10019,Cocktail Bars;Venues & Event Spaces;Lounges,No,0
195,504,504,1246,2045,uncle boon's,7 spring st ,"7 spring st new york city, ny 10012-4224",Asian;Thai;Vegetarian Friendly,Yes,uncle boons,7 spring st,7 spring stnew york ny 10012,Thai,Yes,1
191,495,495,1213,1973,lennys thirty rock,30 rockefeller plz ,"30 rockefeller plz new york city, ny 10112-0015",,No,rainbow room,30 rockefeller plzfl 65,30 rockefeller plzfl 65new york ny 10112,American (New);Venues & Event Spaces,No,0
116,311,311,755,2383,2 bros pizza - chelsea area,601 avenue of the americas ,"601 avenue of the americas new york city, ny 10011-2025",Pizza;Fast Food,Yes,48 lounge,1221 avenue of the americas,1221 avenue of the americasnew york ny 10020,Lounges;Venues & Event Spaces,No,0
422,1136,1136,2839,946,despana,408 broome st ,"408 broome st new york city, ny 10013-3269",Mediterranean;Spanish,Yes,despaña,408 broome st,408 broome stnew york ny 10013,Spanish;Basque;Grocery,Yes,1
489,1322,1322,3179,2234,colonie,"127 atlantic ave brooklyn, ny 11201-554","127 atlantic ave brooklyn, ny 11201-5546",American;Vegetarian Friendly;Gluten Free Options,No,colonie,127 atlantic avebrooklyn ,127 atlantic avebrooklyn ny 11201,Breakfast & Brunch;American (Traditional);Cocktail Bars,No,1
164,425,425,1051,210,oatmeals,120 w 3rd st ,"120 w 3rd st new york city, ny 10012-1235",American;Cafe;Vegetarian Friendly,Yes,oatmeals,120 w 3rd st,120 w 3rd stnew york ny 10012,Bakeries;Coffee & Tea;Breakfast & Brunch,Yes,1
106,286,286,709,3122,la villetta,398 e 52nd st ,"398 e 52nd st new york city, ny 10022-6460",Italian;Vegetarian Friendly;Gluten Free Options,Yes,la villetta,398 e 52nd st,398 e 52nd stnew york ny 10022,Italian,Yes,1
466,1252,1252,3048,1259,num pang sandwich shop,75 9th ave ,"75 9th ave new york city, ny 10011-7006",Fast Food,Yes,beyond sushi,75 9th ave,75 9th avenew york ny 10011,Sushi Bars;Vegan;Kosher,Yes,0
63,162,162,407,2250,david burke kitchen,23 grand st ,"23 grand st new york city, ny 10013-1618",American;Vegetarian Friendly;Gluten Free Options,No,david burke kitchen,23 grand st,23 grand stnew york ny 10013,American (New);Steakhouses,No,1
105,285,285,707,1545,little italy nyc,151 mulberry st ,"151 mulberry st new york city, ny 10013-4721",Italian,Yes,aunt jake’s,151 mulberry st,151 mulberry stnew york ny 10013,Italian;Wine Bars;Pasta Shops,Yes,0
536,1467,1467,3506,2540,firenze ristorante,1555 2nd ave. ,"1555 2nd ave. new york, ny 10028 new york city, ny 10028-4127",Italian;Gluten Free Options,Yes,firenze ristorante,1555 2nd ave,1555 2nd avenew york ny 10028,Italian,Yes,1
568,1551,1551,3718,2468,toro,85 10th ave ,"85 10th ave new york city, ny 10011-4725",Spanish;Mediterranean;Gluten Free Options,No,toro,85 10th ave,85 10th avenew york ny 10011,Tapas/Small Plates;Spanish;Tapas Bars,Yes,1
529,1441,1441,3436,1746,shake shack,154 e 86th st ,"154 e 86th st new york city, ny 10028-2107",American;Fast Food,Yes,shake shack,154 e 86th st,154 e 86th stnew york ny 10120,Burgers;Juice Bars & Smoothies;Ice Cream & Frozen Yogurt,Yes,1
592,1611,1611,3863,436,barilla restaurants,1290 avenue of the americas ,"1290 avenue of the americas new york city, ny 10104-0101",Italian;Pizza;Vegetarian Friendly,Yes,chick-fil-a,1000 avenue of the americas,1000 avenue of the americasnew york ny 10018,Fast Food,Yes,0
93,247,247,639,1896,vin et fleurs,69 thompson st ,"69 thompson st new york city, ny 10012-4368",French;Vegetarian Friendly,No,vin et fleurs,69 thompson st,69 thompson stnew york ny 10012,Wine Bars;French;Breakfast & Brunch,Yes,1
389,1062,1062,2695,1965,boqueria ues,1460 2nd ave ,"1460 2nd ave new york city, ny 10075-2273",Mediterranean;Spanish;Vegetarian Friendly,Yes,boqueria - upper eat side,1460 2nd ave,1460 2nd avenew york ny 10075,Tapas/Small Plates;Spanish;Tapas Bars,Yes,0
478,1285,1285,3110,1087,chelsea thai,75 9th ave ,"75 9th ave new york city, ny 10011-7006",Asian;Thai;Vegetarian Friendly,Yes,chelsea market,75 9th ave,75 9th avenew york ny 10011,Public Markets,No,1
412,1104,1104,2783,1166,t salon chelsea market,75 9th ave ,"75 9th ave new york city, ny 10011-7006",,No,cull & pistol oyster bar,75 9th ave,75 9th avenew york ny 10011,Seafood;Wine Bars,No,0
435,1172,1172,2916,2976,il mulino,86 w 3rd st ,"86 w 3rd st new york city, ny 10012-1095",Italian;Vegetarian Friendly;Gluten Free Options,No,il mulino new york - downtown,86 w 3rd st,86 w 3rd stnew york ny 10012,Italian,Yes,1
198,510,510,1265,1437,londel's supper club,2620 frederick douglass blvd ,"2620 frederick douglass blvd new york city, ny 10030-1704",American,No,lido,2168 frederick douglass blvd,2168 frederick douglass blvdnew york ny 10026,Italian;Breakfast & Brunch;Cocktail Bars,Yes,0
145,385,385,965,2894,uogashi,188 1st ave ,"188 1st ave new york city, ny 10009-4003",,No,uogashi,188 1st ave,188 1st avenew york ny 10009,Sushi Bars;Japanese,No,1
150,394,394,985,2862,american cut steakhouse midtown,109 e 56th st ,"109 e 56th st new york city, ny 10022-2661",American;Steakhouse;Gluten Free Options,No,american cut steakhouse midtown,109 e 56th st,109 e 56th stnew york ny 10022,Steakhouses;American (New),Yes,1
39,100,100,266,2219,estela,47 e houston st ,"47 e houston st new york city, ny 10012-2749",Vegetarian Friendly;Gluten Free Options,No,estela,47 e houston st,47 e houston stnew york ny 10012,American (New);Breakfast & Brunch;Cocktail Bars,No,1
549,1498,1498,3574,1808,benito one,174 mulberry st ,"174 mulberry st new york city, ny 10013-3759",Italian;Vegetarian Friendly;Vegan Options,Yes,benito one,174 mulberry st,174 mulberry stnew york ny 10013,Italian,Yes,1
403,1091,1091,2758,2059,mari vanna,41 e 20th st ,"41 e 20th st new york city, ny 10003-1324",European;Eastern European;Russian,Yes,mari vanna,41 e 20th st,41 e 20th stnew york ny 10003,Russian,Yes,1
322,847,847,2181,2103,the press lounge,653 11th ave ,"653 11th ave new york city, ny 10036-2004",Bar,No,the press lounge,653 11th avefl 16,653 11th avefl 16new york ny 10036,Lounges,No,1
253,671,671,1756,1204,hometown bar-b-que,"454 van brunt st brooklyn, ny 11231-101","454 van brunt st brooklyn, ny 11231-1015",American;Southwestern;Barbecue,Yes,hometown bar-b-que,454 van brunt stbrooklyn ,454 van brunt stbrooklyn ny 11231,Barbeque;Smokehouse,Yes,1
376,1031,1031,2646,2608,upstairs at the kimberly,145 e 50th st ,"145 e 50th st new york city, ny 10022-9502",American;Bar,No,upstairs at the kimberly,145 e 50th stfl 31,145 e 50th stfl 31new york ny 10022,Lounges;Breakfast & Brunch;Sandwiches,No,1
69,174,174,440,218,sugar hill cafe,410 w 145th st ,"410 w 145th st new york city, ny 10031-5220",Cafe,No,sugar hill cafe,410 w 145th st,410 w 145th stnew york ny 10031,Coffee & Tea;Cafes,Yes,1
2,2,2,15,606,blue maiz,606 8th ave ,"606 8th ave new york city, ny 10018-3008",Mexican;Latin;Fast Food,Yes,blue maiz,606 8th ave,606 8th avenew york ny 10018,Mexican,Yes,1
340,892,892,2270,3146,sarabeth's central park south,40 central park s ,"40 central park s new york city, ny 10019-1633",American;Soups;Vegetarian Friendly,Yes,bobby van’s cps,40 central park s,40 central park snew york ny 10019,Steakhouses;American (New),Yes,0
221,596,596,1504,3018,gotham bar & grill,12 e 12th st ,"12 e 12th st new york city, ny 10003-4428",American;Vegetarian Friendly;Vegan Options,No,gotham bar and grill,12 e 12th st,12 e 12th stnew york ny 10003,American (New);Bars,No,1
562,1537,1537,3677,1589,subway,132 w 31st st ,"132 w 31st st new york city, ny 10001-3401",,No,friedman’s,132 w 31st st,132 w 31st stnew york ny 10001,American (New);Gluten-Free;Breakfast & Brunch,Yes,0
146,387,387,975,23,ray's pizza,27 prince st ,"27 prince st new york city, ny 10012-3551",Italian;Pizza,Yes,prince street pizza,27 prince st,27 prince stnew york ny 10012,Pizza,Yes,0
289,765,765,1943,2892,smith & wollensky,797 3rd ave ,"797 3rd ave new york city, ny 10022-6226",American;Steakhouse;Gluten Free Options,No,smith & wollensky,797 3rd ave,797 3rd avenew york ny 10022,Steakhouses,No,1
241,635,635,1613,2918,kajitsu,125 e 39th st ,"125 e 39th st new york city, ny 10016-0960",Japanese;Asian;Vegetarian Friendly,No,kajitsu,125 e 39th st,125 e 39th stnew york ny 10016,Japanese;Vegetarian;Vegan,No,1
394,1071,1071,2723,2139,caffe dei fiori,973 lexington ave ,"973 lexington ave new york city, ny 10021-5101",Italian;Mediterranean;Contemporary,No,caffe dei fiori,973 lexington ave,973 lexington avenew york ny 10021,Italian,Yes,1
494,1340,1340,3220,2383,souk and sandwich,117 avenue of the americas ,"117 avenue of the americas new york city, ny 10013-1933",Lebanese;Middle Eastern;Fast Food,No,48 lounge,1221 avenue of the americas,1221 avenue of the americasnew york ny 10020,Lounges;Venues & Event Spaces,No,0
114,306,306,746,1894,cajun sea,32 w 33rd st ,"32 w 33rd st new york city, ny 10001-3302",American;Seafood;Bar,Yes,cajunsea & oyster bar,32 w 33rd st,32 w 33rd stnew york ny 10001,Cajun/Creole;Seafood;Breakfast & Brunch,Yes,1
597,1621,1621,3882,2275,atlantic grill at lincoln center,49 w 64th st ,"49 w 64th st new york city, ny 10023-6731",American;Seafood;Sushi,No,atlantic grill,49 w 64th st,49 w 64th stnew york ny 10023,American (New);Seafood;Sushi Bars,No,1
475,1278,1278,3100,792,wichcraft,61 w 62nd st ,"61 w 62nd st new york city, ny 10023-7015",Cafe;Soups,Yes,david rubenstein atrium,61 w 62nd st,61 w 62nd stnew york ny 10023,Coffee & Tea;Performing Arts,Yes,0
456,1228,1228,3029,2327,lady mendl's,56 irving pl ,"56 irving pl new york city, ny 10003-2314",British,No,cibar,56 irving pl,56 irving plnew york ny 10003,Lounges,No,0
176,461,461,1116,806,crocodile lounge,325 e 14th st ,"325 e 14th st new york city, ny 10003-4255",American;Bar;Pizza,No,crocodile lounge,325 e 14th st,325 e 14th stnew york ny 10003,Lounges,No,1
532,1455,1455,3476,2562,tbar,1278 3rd ave ,"1278 3rd ave new york city, ny 10021-3656",American;Steakhouse;Gluten Free Options,Yes,tbar,1278 3rd ave,1278 3rd avenew york ny 10021,Steakhouses;American (New);Seafood,Yes,1
168,440,440,1075,1124,the bread factory,600 9th ave ,"600 9th ave new york city, ny 10036-3701",American;Cafe,Yes,red poke,600 9th ave,600 9th avenew york ny 10036,Poke;Korean;Hawaiian,Yes,0
347,932,932,2427,876,kiss my slice,274 w 40th st ,"274 w 40th st new york city, ny 10018-1519",Italian;Pizza;Fast Food,Yes,kiss my slice,274 w 40th st,274 w 40th stnew york ny 10018,Pizza;Italian,Yes,1
417,1120,1120,2812,436,meatball obsession,510 avenue of the americas ,"510 avenue of the americas new york city, ny 10011-8412",Fast Food;Italian,Yes,chick-fil-a,1000 avenue of the americas,1000 avenue of the americasnew york ny 10018,Fast Food,Yes,0
518,1411,1411,3386,2854,nusr-et,60 w 53rd st ,"60 w 53rd st new york city, ny 10019-6106",American;International,No,nusr-et,60 w 53rd st,60 w 53rd stnew york ny 10019,Steakhouses;Turkish,No,1
428,1147,1147,2863,1956,antica ristorante,8 stone st ,"8 stone st new york city, ny 10004-2202",Italian,No,antica ristorante,8 stone st,8 stone stnew york ny 10004,Italian,Yes,1
415,1117,1117,2806,3136,the wright,1071 5th ave ,"1071 5th ave new york city, ny 10128-0112",American;Gluten Free Options;Vegetarian Friendly,No,the wright,1071 5th ave1071 5th ave,1071 5th ave1071 5th avenew york ny 10128,American (New),No,1
136,364,364,919,2383,joseph's,1240 avenue of the americas ,"1240 avenue of the americas new york city, ny 10020-1505",American;Seafood,No,48 lounge,1221 avenue of the americas,1221 avenue of the americasnew york ny 10020,Lounges;Venues & Event Spaces,No,0
507,1376,1376,3292,2875,potbelly sandwich works,30 rockefeller plz ,"30 rockefeller plz new york city, ny 10112-0015",American;Fast Food;Soups,Yes,bar sixtyfive,30 rockefeller plzfl 65,30 rockefeller plzfl 65new york ny 10112,Cocktail Bars;Venues & Event Spaces;American (New),No,0
254,673,673,1760,72,juicology,387 8th ave ,"387 8th ave new york city, ny 10001-4811",Healthy,No,juicology,387 8th ave,387 8th avenew york ny 10001,Salad;Juice Bars & Smoothies;Sandwiches,Yes,1
414,1116,1116,2803,2033,san carlo osteria piemonte,90 thompson st ,"90 thompson st new york city, ny 10012-3744",Italian;Mediterranean;Vegetarian Friendly,Yes,san carlo osteria piemonte,90 thompson st,90 thompson stnew york city ny 10012,Italian;Wine Bars;Cocktail Bars,No,1
375,1030,1030,2644,1828,kings of kobe,790 9th ave ,"790 9th ave new york city, ny 10019-5613",American,Yes,kings of kobe,790 9th ave,790 9th avenew york ny 10019,Hot Dogs;Burgers;Breakfast & Brunch,Yes,1
533,1457,1457,3482,2047,yakitori totto,251 w 55th st ,"251 w 55th st new york city, ny 10019-5202",Japanese;Asian;Gluten Free Options,No,yakitori totto,251 w 55th stfl 2,251 w 55th stfl 2new york ny 10019,Japanese,No,1
514,1395,1395,3345,2434,bar ciccio alimentari,190 avenue of the americas ,"190 avenue of the americas new york city, ny 10013-1222",Italian;Vegetarian Friendly,No,stk midtown,1114 avenue of the americas,1114 avenue of the americasnew york ny 10036,Steakhouses;American (New);Cocktail Bars,No,0
255,674,674,1761,2303,villa berulia,107 e 34th st ,"107 e 34th st new york city, ny 10016-4601",Croatian;Italian;European,Yes,villa berulia,107 e 34th st,107 e 34th stnew york ny 10016,Italian,Yes,1
232,619,619,1567,2950,sushi of gari 46,347 w 46th st ,"347 w 46th st new york city, ny 10036-3815",Japanese;Sushi;Asian,Yes,sushi of gari 46,347 w 46th st,347 w 46th stnew york ny 10036,Sushi Bars;Japanese,Yes,1
133,350,350,872,1064,havana social,688 10th ave ,"688 10th ave new york city, ny 10019-7104",Cuban;Latin;Caribbean,Yes,havana social - hell’s kitchen,688 10th ave,688 10th avenew york ny 10019,Cuban;Cocktail Bars;Tapas Bars,Yes,1
33,83,83,206,2084,locanda verde,377 greenwich st ,"377 greenwich st new york city, ny 10013-2338",American;Italian;Vegetarian Friendly,Yes,locanda verde,377 greenwich st,377 greenwich stnew york ny 10013,Italian;Delis;Cocktail Bars,Yes,1
88,239,239,614,1554,pizzeria sirenetta,568 amsterdam ave ,"568 amsterdam ave new york city, ny 10024-2830",Italian;Pizza;Vegetarian Friendly,Yes,pizzeria sirenetta,568 amsterdam ave,568 amsterdam avenew york ny 10024,Pizza;Italian;Wine Bars,Yes,1
290,766,766,1950,2366,the breslin,16 w 29th st ,"16 w 29th st new york city, ny 10001-4502",American;Bar;Gastropub,No,the breslin,16 w 29th st,16 w 29th stnew york ny 10001,Pubs;Gastropubs;Breakfast & Brunch,No,1
44,110,110,287,2383,subway,1285 avenue of the americas ,"1285 avenue of the americas new york city, ny 10019-6031",,No,48 lounge,1221 avenue of the americas,1221 avenue of the americasnew york ny 10020,Lounges;Venues & Event Spaces,No,0
353,947,947,2461,2880,sushi amane,245 e 44th st ,"245 e 44th st new york city, ny 10017-4337",Japanese;Sushi,No,sushi amane,245 e 44th st,245 e 44th stnew york ny 10017,Sushi Bars,No,1
341,893,893,2284,1044,charles pan fried chicken,2461 frederick douglass blvd ,"2461 frederick douglass blvd new york city, ny 10027-7766",American,Yes,serengeti teas & spices,2292 frederick douglass blvd,2292 frederick douglass blvdnew york ny 10027,Coffee & Tea;Tea Rooms,Yes,0
61,159,159,400,653,tehuitzingo,695 10th ave ,"695 10th ave new york city, ny 10036-2906",Mexican;Latin;Spanish,Yes,tehuitzingo,695 10th ave,695 10th avenew york ny 10036,Grocery;Mexican;Delis,Yes,1
199,520,520,1294,2872,rotisserie georgette,14 e 60th st ,"14 e 60th st new york city, ny 10022-1006",French;Gluten Free Options,Yes,avra madison,14 e 60th st,14 e 60th stnew york ny 10022,Greek;Seafood;Mediterranean,Yes,0
401,1089,1089,2751,2270,nur,34 e 20th st ,"34 e 20th st new york city, ny 10003-1321",Mediterranean;Middle Eastern;Israeli,No,nur,34 e 20th st,34 e 20th stnew york ny 10003,Middle Eastern,No,1
576,1577,1577,3783,1938,friedman's lunch,75 9th ave ,"75 9th ave new york city, ny 10011-7006",American;Vegetarian Friendly;Vegan Options,Yes,buddakan,75 9th ave,75 9th avenew york ny 10011,Chinese;Bars;Asian Fusion,Yes,0
558,1524,1524,3659,2905,blt steak,106 e 57th st ,"106 e 57th st new york city, ny 10022-2669",American;Steakhouse,No,blt steak,106 e 57th st,106 e 57th stnew york ny 10022,Steakhouses,Yes,1
420,1128,1128,2823,2952,sushi ishikawa,419 e 74th st ,"419 e 74th st new york city, ny 10021-3949",Japanese,No,sushi ishikawa,419 e 74th st,419 e 74th stnew york ny 10021,Sushi Bars,No,1
364,992,992,2571,2840,arlington club,1032 lexington ave ,"1032 lexington ave new york city, ny 10021-3505",Sushi;American;Steakhouse,No,lexington club,1032 lexington ave,1032 lexington avenew york ny 10021,Steakhouses,Yes,1
218,591,591,1474,2760,the park room at the helmsley park lane hotel,36 central park s ,"36 central park s new york city, ny 10019-1600",American,No,the park room,36 central park s,36 central park snew york ny 10019,American (New),No,1
302,798,798,2027,1182,balade - your way,144 w 37th st ,"144 w 37th st new york city, ny 10018-6910",Mediterranean;Middle Eastern;Lebanese,Yes,balade - your way,144 west 37th st,144 west 37th stnew york ny 10018,Lebanese;Mediterranean,Yes,1
531,1453,1453,3454,2695,sushiden madison ave,19 e 49th st ,"19 e 49th st new york city, ny 10017-1003",Japanese;Sushi;Asian,No,sushiden madison avenue,19 e 49th st,19 e 49th stnew york ny 10017,Sushi Bars;Japanese,Yes,1
297,789,789,2015,103,fat cat kitchen,223 e 14th st ,"223 e 14th st new york city, ny 10003-4120",American;Cafe;Vegetarian Friendly,Yes,fat cat kitchen,223 e 14th st,223 e 14th stnew york ny 10003,Sandwiches;Bakeries;Coffee & Tea,Yes,1
73,183,183,465,3022,jungsik,2 harrison st ,"2 harrison st new york city, ny 10013-2810",Asian;Korean;Gluten Free Options,No,jungsik,2 harrison st,2 harrison stnew york ny 10013,Korean,No,1
295,785,785,2000,2506,le rivage,340 w 46th st ,"340 w 46th st new york city, ny 10036-3928",French;European;Vegetarian Friendly,No,le rivage,340 w 46th st,340 w 46th stnew york ny 10036,French,No,1
35,90,90,234,676,park italian gourmet,60 w 45th st frnt 1 ,"60 w 45th st frnt 1 new york city, ny 10036-4207",Italian;Delicatessen,No,park italian gourmet,60 w 45th st,60 w 45th stnew york ny 10036,Italian;Delis;Sandwiches,Yes,1
421,1130,1130,2826,1990,lupa,170 thompson st ,"170 thompson st new york city, ny 10012-2575",Italian;Vegetarian Friendly;Vegan Options,No,lupa,170 thompson st,170 thompson stnew york ny 10012,Italian;American (New),No,1
29,75,75,188,845,great ny noodletown,28 1/2 bowery ,"28 1/2 bowery new york city, ny 10013-5102",Chinese;Asian,Yes,great ny noodle town,28 bowery,28 bowerynew york ny 10013,Cantonese;Noodles,Yes,1
519,1412,1412,3388,2382,gobo - greenwich village,401 avenue of the americas ,"401 avenue of the americas new york city, ny 10014-3516",Asian;Japanese;Vegan Options,No,48 lounge,1221 avenue of the americas,1221 avenue of the americasnew york ny 10020,Lounges;Venues & Event Spaces,No,0
501,1357,1357,3273,2564,westville,210 w 10th st ,"210 w 10th st new york city, ny 10014-6411",American;Healthy;Vegetarian Friendly,Yes,sushi on jones,210 w 10th st,210 w 10th stnew york ny 10014,Sushi Bars;Japanese,Yes,0
508,1377,1377,3292,2876,potbelly sandwich works,30 rockefeller plz ,"30 rockefeller plz new york city, ny 10112-0015",American;Fast Food;Soups,Yes,rainbow room,30 rockefeller plzfl 65,30 rockefeller plzfl 65new york ny 10112,American (New);Venues & Event Spaces,No,0
309,809,809,2064,1889,sweetgreen,1164 broadway ,"1164 broadway new york city, ny 10001-7512",American;Fast Food;Healthy,Yes,sweetgreen,1164 broadway,1164 broadwaynew york ny 10001,Salad;Vegetarian,Yes,1
572,1560,1560,3749,2814,crown,24 e 81st st ,"24 e 81st st new york city, ny 10028-0226",Contemporary,No,sistina,24 e 81st st,24 e 81st stnew york ny 10028,Italian,No,0
217,588,588,1463,2865,the palm tribeca,206 west st ,"206 west st new york city, ny 10282-2101",American;Steakhouse;Gluten Free Options,No,the palm tribeca,206 west st,206 west stnew york ny 10282,Steakhouses;Seafood,Yes,1
27,71,71,180,3003,marea,240 central park s ,"240 central park s new york city, ny 10019-1457",Italian;Seafood;Mediterranean,No,marea,240 central park s,240 central park snew york ny 10019,Seafood;Bars,No,1
491,1324,1324,3182,2660,sardi's restaurant,234 w 44th st ,"234 w 44th st new york city, ny 10036-3909",Italian;American;International,No,sardi’s,234 w 44th st,234 w 44th stnew york ny 10036,American (Traditional);Italian;Steakhouses,No,1
589,1607,1607,3859,2280,rouge tomate chelsea,126 w 18th st ,"126 w 18th st new york city, ny 10011-5403",American;Healthy;Vegetarian Friendly,No,rouge tomate chelsea,126 w 18th st,126 w 18th stnew york ny 10011,American (New);Bars,No,1
156,409,409,1014,2984,al fiori,400 5th ave ,"400 5th ave new york city, ny 10018-2753",Italian;French;Seafood,No,ai fiori,400 5th aveste 2,400 5th aveste 2new york ny 10018,Italian;French;Cocktail Bars,No,1
492,1329,1329,3193,2609,fiorini,209 e 56th st ,"209 e 56th st new york city, ny 10022-3705",Italian,No,amata,209 e 56th st,209 e 56th stnew york ny 10022,Italian,Yes,0
505,1374,1374,3292,1972,potbelly sandwich works,30 rockefeller plz ,"30 rockefeller plz new york city, ny 10112-0015",American;Fast Food;Soups,Yes,bar sixtyfive,30 rockefeller plzfl 65,30 rockefeller plzfl 65new york ny 10112,Cocktail Bars;Venues & Event Spaces;American (New),No,0
138,369,369,925,936,juliana's pizza,"19 old fulton st brooklyn, ny 11201-132","19 old fulton st brooklyn, ny 11201-1322",Pizza,Yes,juliana’s pizza,19 old fulton stbrooklyn ,19 old fulton stbrooklyn ny 11201,Pizza,Yes,1
212,558,558,1396,1797,barney greengrass,541 amsterdam ave ,"541 amsterdam ave new york city, ny 10024-2803",American;Delicatessen;Vegetarian Friendly,Yes,barney greengrass,541 amsterdam ave,541 amsterdam avenew york ny 10024,Specialty Food;Delis;Bagels,Yes,1
104,284,284,706,3034,michael jordan's the steak house n.y.c.,23 vanderbilt ave ,"23 vanderbilt ave new york city, ny 10017-3804",American;Steakhouse;Gluten Free Options,No,michael jordan’s the steak house n.y.c,23 vanderbilt avegrand central terminal,23 vanderbilt avegrand central terminalnew york ny 10017,Steakhouses;Cocktail Bars;Wine Bars,No,1
571,1559,1559,3748,2523,cellini,65 e 54th st ,"65 e 54th st new york city, ny 10022-4224",Italian;Vegetarian Friendly;Gluten Free Options,No,cellini restaurant,65 e 54th st,65 e 54th stnew york ny 10022,Italian,Yes,1
506,1375,1375,3292,1973,potbelly sandwich works,30 rockefeller plz ,"30 rockefeller plz new york city, ny 10112-0015",American;Fast Food;Soups,Yes,rainbow room,30 rockefeller plzfl 65,30 rockefeller plzfl 65new york ny 10112,American (New);Venues & Event Spaces,No,0
527,1439,1439,3432,2464,brasserie 8 1/2,9 w 57th st ,"9 w 57th st new york city, ny 10019-2701",French;Vegetarian Friendly;Gluten Free Options,No,brasserie 8 1/2,9 w 57th st,9 w 57th stnew york ny 10019,American (New);French,No,1
215,581,581,1435,2700,alcala,246 e 44th st ,"246 e 44th st new york city, ny 10017-4357",Mediterranean;Spanish;Vegetarian Friendly,No,alcala restaurant,246 e 44th st,246 e 44th stnew york ny 10017,Spanish;Basque,Yes,1
534,1459,1459,3486,2363,44 & x,622 10th ave ,"622 10th ave new york city, ny 10036-3004",American;Vegetarian Friendly;Vegan Options,No,44 & x hell’s kitchen,622 10th ave,622 10th avenew york ny 10036,American (New);Breakfast & Brunch;Bars,Yes,1
189,493,493,1211,428,maoz vegetarian,38 union sq e ,"38 union sq e new york city, ny 10003-3210",Fast Food;Middle Eastern;Israeli,Yes,maoz vegetarian,38 union sq e,38 union sq enew york ny 10003,Middle Eastern;Vegetarian;Fast Food,Yes,1
214,579,579,1430,2601,new leaf restaurant & bar,1 margaret corbin dr ,"1 margaret corbin dr new york city, ny 10040-3761",American;Vegetarian Friendly;Gluten Free Options,No,new leaf restaurant & bar,1 margaret corbin dr,1 margaret corbin drnew york ny 10040,Bars;American (New);Venues & Event Spaces,Yes,1
553,1513,1513,3627,436,moe's southwest grill,1029a avenue of the americas ,"1029a avenue of the americas new york city, ny 10018-5408",Mexican;Fast Food,No,chick-fil-a,1000 avenue of the americas,1000 avenue of the americasnew york ny 10018,Fast Food,Yes,0
204,533,533,1333,2961,felidia,243 e 58th st ,"243 e 58th st new york city, ny 10022-1201",Italian;Vegetarian Friendly;Gluten Free Options,No,felidia,243 e 58th st,243 e 58th stnew york ny 10022,Italian,No,1
234,624,624,1578,2698,wolf & lamb steakhouse,16 e 48th st ,"16 e 48th st new york city, ny 10017-1008",Steakhouse;Kosher,Yes,wolf & lamb steakhouse,10 e 48th st,10 e 48th stnew york ny 10017,Steakhouses;Kosher;American (Traditional),Yes,1
259,687,687,1800,1444,marcha,4055 broadway ,"4055 broadway new york city, ny 10032-1516",Spanish,No,marcha cocina,4055 broadway,4055 broadwaynew york ny 10032,Tapas Bars;Tapas/Small Plates;Spanish,Yes,1
67,170,170,431,123,pickler & co,216 e 45th st ,"216 e 45th st new york city, ny 10017-3304",Delicatessen,No,pickler & co,216 e 45th st,216 e 45th stnew york ny 10017,Coffee & Tea;Sandwiches;Burgers,No,1
24,67,67,169,711,food gallery 32,11 w 32nd st ,"11 w 32nd st new york city, ny 10001-3819",Asian;Korean,Yes,sweet churros,11 w 32nd st,11 w 32nd stnew york ny 10001,Coffee & Tea;Desserts;Ice Cream & Frozen Yogurt,Yes,0
381,1047,1047,2676,26,taim west village,222 waverly pl ,"222 waverly pl new york city, ny 10014-2404",Fast Food;Mediterranean;Middle Eastern,Yes,taim west village,222 waverly pl,222 waverly plnew york ny 10014,Vegetarian;Falafel,Yes,1
216,585,585,1445,1905,club a steakhouse,240 e 58th street ,"240 e 58th street new york city, ny 10022-2001",American;Steakhouse;Gluten Free Options,Yes,club a steakhouse,240 e 58th st,240 e 58th stnew york ny 10022,Steakhouses,Yes,1
300,796,796,2025,2027,bowery meat,9 e 1st st ,"9 e 1st st new york city, ny 10003-8901",American;Steakhouse;Gluten Free Options,No,bowery meat company,9 e 1st st,9 e 1st stnew york ny 10003,Steakhouses,Yes,1
453,1221,1221,3012,1549,giovanni rana pastificio e cucina,75 9th ave ,"75 9th ave new york city, ny 10011-7006",Italian;Mediterranean;Vegetarian Friendly,Yes,dizengoff nyc,75 9th ave,75 9th avenew york ny 10011,Middle Eastern,Yes,0
223,602,602,1519,2321,da noi,214 e 49th st ,"214 e 49th st new york city, ny 10017-1565",Italian;Vegetarian Friendly;Gluten Free Options,Yes,da noi,214 e 49th st,214 e 49th stnew york ny 10017,Italian;Venues & Event Spaces,Yes,1
129,335,335,821,3146,bobby van's central park south,40 central park s ,"40 central park s new york city, ny 10019-1633",American;Steakhouse;Vegetarian Friendly,No,bobby van’s cps,40 central park s,40 central park snew york ny 10019,Steakhouses;American (New),Yes,1
349,935,935,2429,1471,pippali,129 e 27th st ,"129 e 27th st new york city, ny 10016-8959",Indian;Asian;Vegetarian Friendly,Yes,pippali,129 e 27th st,129 e 27th stnew york ny 10016,Indian,Yes,1
111,298,298,726,1217,utsav restaurant,1185 avenue of the americas ,"1185 avenue of the americas new york city, ny 10036-2601",Indian;Vegetarian Friendly;Vegan Options,Yes,simon sips,1185 ave of the americas,1185 ave of the americasnew york ny 10036,Coffee & Tea,Yes,0
166,430,430,1069,1545,aunt jake's nyc,151 mulberry st ,"151 mulberry st new york city, ny 10013-4721",Italian;Vegetarian Friendly;Vegan Options,Yes,aunt jake’s,151 mulberry st,151 mulberry stnew york ny 10013,Italian;Wine Bars;Pasta Shops,Yes,1
267,704,704,1829,2982,barilla restaurants,1065 avenue of the americas ,"1065 avenue of the americas new york city, ny 10018-1878",Italian;Pizza;Mediterranean,Yes,mastro’s steakhouse,1285 avenue of the americas,1285 avenue of the americasnew york ny 10019,Steakhouses,No,0
207,544,544,1370,2548,masa,10 columbus cir ,"10 columbus cir new york city, ny 10019-1158",Japanese;Sushi;Asian,No,ascent lounge,10 columbus cirfl 4,10 columbus cirfl 4new york ny 10019,Cocktail Bars;Venues & Event Spaces;Lounges,No,0
40,104,104,275,2343,bryant park grill,25 w 40th st ,"25 w 40th st new york city, ny 10018-2601",American;Vegetarian Friendly;Vegan Options,No,bryant park hotel,40 w 40th st,40 w 40th stnew york ny 10018,Hotels,No,0
274,724,724,1876,1588,the flying cock,497 3rd ave ,"497 3rd ave new york city, ny 10016-4854",American;Bar;Pub,Yes,the flying cock pub,497 3rd ave,497 3rd avenew york ny 10016,Pubs;Breakfast & Brunch,Yes,1
516,1405,1405,3367,1140,banh mi zon,443 e 6th st ,"443 e 6th st new york city, ny 10009-6340",Vietnamese,No,amor y amargo,443 e 6th st,443 e 6th stnew york ny 10009,Cocktail Bars,No,0
79,209,209,528,2418,cote korean steakhouse,16 w 22nd st ,"16 w 22nd st new york city, ny 10010-5803",Steakhouse;International;Barbecue,Yes,cote,16 w 22nd st,16 w 22nd stnew york ny 10010,Korean;Steakhouses;Cocktail Bars,No,1
460,1234,1234,3030,1166,filaga pizzeria e rosticerria siciliana,75 9th ave ,"75 9th ave new york city, ny 10011-7006",Italian;Pizza;Fast Food,Yes,cull & pistol oyster bar,75 9th ave,75 9th avenew york ny 10011,Seafood;Wine Bars,No,0
462,1240,1240,3034,1403,pardon my french,103 avenue b ,"103 avenue b new york city, ny 10009-6279",French;European,No,pmf pardon my french,103 ave b,103 ave bnew york ny 10009,French;Cocktail Bars;Breakfast & Brunch,Yes,1
327,861,861,2209,2982,world famous ray's pizza,595 avenue of the americas ,"595 avenue of the americas new york city, ny 10011-2016",Italian;Pizza;Fast Food,Yes,mastro’s steakhouse,1285 avenue of the americas,1285 avenue of the americasnew york ny 10019,Steakhouses,No,0
13,44,44,131,2973,aquavit,65 e 55th st ,"65 e 55th st new york city, ny 10022-3219",European;Swedish;Scandinavian,No,aquavit,65 e 55th st,65 e 55th stnew york ny 10022,Scandinavian,No,1
287,763,763,1939,2276,bill's townhouse,57 e 54th st ,"57 e 54th st new york city, ny 10022-4206",American;Vegetarian Friendly;Gluten Free Options,No,bill’s townhouse,57 e 54th st,57 e 54th stnew york ny 10022,American (New);Salad;Sandwiches,No,1
326,859,859,2206,2286,natsumi,226 w 50th st ,"226 w 50th st new york city, ny 10019-6702",Japanese;Sushi;Asian,Yes,natsumi,226 w 50th st,226 w 50th stnew york ny 10019,Sushi Bars;Japanese;Lounges,Yes,1
121,317,317,772,3073,bv's burger,120 w 45th st ,"120 w 45th st new york city, ny 10036-4195",American;Gluten Free Options,No,bobby van’s steakhouse,120 w 45th st,120 w 45th stnew york ny 10036,Steakhouses;Seafood;American (Traditional),Yes,1
251,663,663,1736,2220,chimichurri grill,609 9th ave ,"609 9th ave new york city, ny 10036-3700",Steakhouse;Latin;Argentinean,No,chimichurri grill,609 9th ave,609 9th avenew york ny 10036,Latin American;Steakhouses;Argentine,Yes,1
228,611,611,1548,169,num pang sandwich shop,28 e 12th st ,"28 e 12th st new york city, ny 10003-4448",,No,num pang kitchen,28 e 12th st,28 e 12th stnew york ny 10003,Cambodian;Sandwiches,Yes,1
416,1119,1119,2811,411,matto espresso,252 w 37th st ,"252 w 37th st new york city, ny 10018-6636",Italian;American;Cafe,No,madman espresso,336 w 37th st,336 w 37th stnew york ny 10018,Coffee & Tea,Yes,0
511,1390,1390,3325,2042,brandy library,25 n moore st ,"25 n moore st new york city, ny 10013-2460",,No,brandy library,25 n moore st,25 n moore stnew york ny 10013,American (New);Lounges;Wine Bars,No,1
161,422,422,1043,3016,gabriel kreuther,41 w 42nd st ,"41 w 42nd st new york city, ny 10036-8003",French;European;Vegetarian Friendly,No,gabriel kreuther,41 w 42nd st,41 w 42nd stnew york ny 10036,Bars;French,No,1
83,231,231,594,981,samba kitchen,661 9th ave ,"661 9th ave new york city, ny 10036-3659",Bar;South American;Brazilian,Yes,samba kitchen,661 9th ave,661 9th avenew york ny 10036,Brazilian;Latin American;Breakfast & Brunch,Yes,1
445,1200,1200,2992,2402,ibis lounge,151 e 50th st ,"151 e 50th st new york city, ny 10022-7510",Mediterranean,No,empire steak house,151 e 50th st,151 e 50th stnew york ny 10022,Steakhouses;Wine Bars;Seafood,Yes,0
117,312,312,767,1406,kashkaval garden,852 9th ave ,"852 9th ave new york city, ny 10019-4452",Canadian;International;Mediterranean,Yes,kashkaval garden,852 9th ave,852 9th avenew york ny 10019,Mediterranean;Fondue;Tapas Bars,Yes,1
374,1029,1029,2642,943,nish nush,88 reade st ,"88 reade st new york city, ny 10013-3814",Fast Food;Mediterranean;Middle Eastern,Yes,nish nush,88 reade st,88 reade stnew york ny 10013,Middle Eastern;Moroccan;Greek,Yes,1
465,1251,1251,3048,1166,num pang sandwich shop,75 9th ave ,"75 9th ave new york city, ny 10011-7006",Fast Food,Yes,cull & pistol oyster bar,75 9th ave,75 9th avenew york ny 10011,Seafood;Wine Bars,No,0
497,1346,1346,3239,2430,ecco!,124 chambers st ,"124 chambers st new york city, ny 10007-1002",Italian;Gluten Free Options,No,ecco,124 chambers st,124 chambers stnew york ny 10007,Italian,Yes,1
25,69,69,173,742,cafemarie,120 macdougal st ,"120 macdougal st new york city, ny 10012-1246",,No,mighty bowl,120 macdougal st,120 macdougal stnew york ny 10012,Asian Fusion;Japanese;Poke,Yes,0
110,291,291,717,3013,mighty quinn's,225 liberty st ,"225 liberty st new york city, ny 10281-1048",American;Fast Food;Barbecue,Yes,l’appart,225 liberty st,225 liberty stnew york ny 10281,French,No,0
149,393,393,985,671,american cut steakhouse midtown,109 e 56th st ,"109 e 56th st new york city, ny 10022-2661",American;Steakhouse;Gluten Free Options,No,ninth street espresso,109 e 56th st,109 e 56th stnew york ny 10022,Coffee & Tea,Yes,0
413,1114,1114,2796,2584,casa lever,390 park avenue at 53rd street ,"390 park avenue at 53rd street new york city, ny 10022-4608",Italian;Gluten Free Options;Vegetarian Friendly,No,casa lever,390 park ave,390 park avenew york ny 10022,Italian;Breakfast & Brunch;Lounges,No,1
152,401,401,999,1510,carroll place,157 bleecker st ,"157 bleecker st new york city, ny 10012-1625",American;Pizza;Gastropub,Yes,carroll place,157 bleecker st,157 bleecker stnew york ny 10012,Italian;Wine Bars;Venues & Event Spaces,Yes,1
16,49,49,136,2855,a voce columbus,10 columbus cir ,"10 columbus cir new york city, ny 10019-1158",Italian;Gluten Free Options,No,bar masa,10 columbus cirfl 4,10 columbus cirfl 4new york ny 10019,Japanese,No,0
498,1350,1350,3250,658,taco mix,234 e 116th st ,"234 e 116th st new york city, ny 10029-1412",Mexican;Latin;Fast Food,No,taco mix,234 e 116th st,234 e 116th stnew york ny 10029,Mexican,Yes,1
331,872,872,2230,1919,the eddy,342 e 6th st ,"342 e 6th st new york city, ny 10003-8727",American,No,the eddy,342 e 6th st,342 e 6th stnew york ny 10003,American (New);Cocktail Bars;Wine Bars,No,1
109,290,290,717,1700,mighty quinn's,225 liberty st ,"225 liberty st new york city, ny 10281-1048",American;Fast Food;Barbecue,Yes,tartinery hudson eats,225 liberty st,225 liberty stnew york ny 10281,French,Yes,0
522,1419,1419,3404,1270,ruby's,219 mulberry st ,"219 mulberry st new york city, ny 10012-5735",American;Cafe;Vegetarian Friendly,Yes,ruby’s cafe,219 mulberry st,219 mulberry stnew york ny 10012,Burgers;Coffee & Tea;Breakfast & Brunch,Yes,1
461,1238,1238,3031,2414,bobo,181 w 10th st ,"181 w 10th st new york city, ny 10014-3130",French;Gluten Free Options,No,bobo,181 w 10th st,181 w 10th stnew york ny 10014,American (New);French;Bars,No,1
513,1394,1394,3345,2383,bar ciccio alimentari,190 avenue of the americas ,"190 avenue of the americas new york city, ny 10013-1222",Italian;Vegetarian Friendly,No,48 lounge,1221 avenue of the americas,1221 avenue of the americasnew york ny 10020,Lounges;Venues & Event Spaces,No,0
139,370,370,928,2416,norma's,119 w 56th st ,"119 w 56th st new york city, ny 10019-4000",American;Vegetarian Friendly;Vegan Options,No,norma’s,119 w 56th st,119 w 56th stnew york ny 10019,Breakfast & Brunch;American (New),No,1
237,628,628,1588,1463,westville east,173 avenue a ,"173 avenue a new york city, ny 10009-4501",American;Vegetarian Friendly;Gluten Free Options,Yes,westville - east,173 ave a,173 ave anew york ny 10009,American (Traditional);Beer Bar;Bakeries,Yes,1
451,1214,1214,3012,5,giovanni rana pastificio e cucina,75 9th ave ,"75 9th ave new york city, ny 10011-7006",Italian;Mediterranean;Vegetarian Friendly,Yes,los tacos no.1,75 9th ave,75 9th avenew york ny 10011,Mexican,Yes,0
260,689,689,1802,917,briciola,370 w 51st st ,"370 w 51st st new york city, ny 10019-6403",Italian;Vegetarian Friendly,No,b side pizza & wine bar,370 w 51st st,370 w 51st stnew york ny 10019,Pizza;Italian;Wine Bars,Yes,0
352,944,944,2459,3085,the loopy doopy rooftop bar,102 n end ave ,"102 n end ave new york city, ny 10282-1238",Bar,No,conrad new york hotel,102 n end ave,102 n end avenew york ny 10282,Hotels,No,0
270,717,717,1862,2702,arno ristorante,141 w 38th st ,"141 w 38th st new york city, ny 10018-5074",Italian;Vegetarian Friendly;Vegan Options,No,arno ristorante,141 w 38th st,141 w 38th stnew york ny 10018,Italian;Wine Bars,Yes,1
317,829,829,2142,2455,bodega negra,355 w 16th st ,"355 w 16th st new york city, ny 10011-5902",Mexican;Latin;Spanish,No,bodega negra,355 w 16th stdream downtown,355 w 16th stdream downtownnew york ny 10011,Mexican,No,1
323,848,848,2183,2391,the fat radish,17 orchard st ,"17 orchard st new york city, ny 10002-6164",American;Vegetarian Friendly;Vegan Options,No,the fat radish,17 orchard st,17 orchard stnew york ny 10002,British;American (New),Yes,1
542,1478,1478,3528,1187,the jeffrey craft beer bar and bites,311 e 60th st ,"311 e 60th st new york city, ny 10022-1572",American;Bar;Pub,No,the jeffrey craft beer & bites,311 e 60th st,311 e 60th stnew york ny 10022,Bars;American (New);Coffee & Tea,Yes,1
248,658,658,1718,562,pizza hut,2 penn plz ,"2 penn plz new york city, ny 10121-0101",,Yes,krispy kreme,2 penn plz,2 penn plznew york ny 10121,Donuts;Coffee & Tea,Yes,0
450,1213,1213,3011,922,beyond sushi,229 e 14th st ,"229 e 14th st new york city, ny 10003-4111",Healthy;Sushi;Asian,Yes,beyond sushi,229 e 14th st,229 e 14th stnew york ny 10003,Sushi Bars;Vegan;Kosher,Yes,1
410,1102,1102,2783,1086,t salon chelsea market,75 9th ave ,"75 9th ave new york city, ny 10011-7006",,No,the lobster place,75 9th ave,75 9th avenew york ny 10011,Seafood Markets;Seafood,Yes,0
483,1299,1299,3130,996,angel's share,8 stuyvesant st ,"8 stuyvesant st new york city, ny 10003-7501",,No,angel’s share,8 stuyvesant st,8 stuyvesant stnew york ny 10003,Cocktail Bars;Speakeasies,No,1
535,1465,1465,3501,2941,american cut steakhouse tribeca,363 greenwich st ,"363 greenwich st new york city, ny 10013-2844",American;Steakhouse,No,american cut steakhouse,363 greenwich st,363 greenwich stnew york ny 10013,Steakhouses;American (New),Yes,1
19,56,56,151,1711,excellent dumpling house,165 w 23rd st ,"165 w 23rd st new york city, ny 10011-2404",Chinese,No,excellent dumpling house,165 w 23rd st,165 w 23rd stnew york ny 10011,Dim Sum;Seafood;Soup,Yes,1
328,862,862,2214,2598,danish dogs,89 e 42nd st ,"89 e 42nd st new york city, ny 10017-5503",Scandinavian;Danish;Fast Food,No,grand central oyster bar,89 e 42nd st,89 e 42nd stnew york ny 10017,Seafood,Yes,0
296,788,788,2011,1967,oiji,119 1st ave ,"119 1st ave new york city, ny 10003-2963",Asian;Korean;Contemporary,No,oiji,119 1st ave,119 1st avenew york ny 10003,Korean,No,1
530,1448,1448,3445,2114,tomoe sushi,172 thompson st ,"172 thompson st new york city, ny 10012-2576",Japanese;Sushi;Asian,Yes,tomoe sushi,172 thompson st,172 thompson stnew york ny 10012,Sushi Bars,Yes,1
269,711,711,1845,2007,employees only,510 hudson st ,"510 hudson st new york city, ny 10014-2854",American;Bar;International,No,employees only,510 hudson st,510 hudson stnew york ny 10014,American (New);Diners;Cocktail Bars,No,1
363,989,989,2562,2982,waverly diner,385 avenue of the americas ,"385 avenue of the americas new york city, ny 10014-3516",American;Cafe;Diner,Yes,mastro’s steakhouse,1285 avenue of the americas,1285 avenue of the americasnew york ny 10019,Steakhouses,No,0
226,607,607,1538,2964,omakase room by tatsu,14 christopher st ,"14 christopher st new york city, ny 10014-3523",Japanese,No,omakase room by tatsu,14 christopher st,14 christopher stnew york ny 10014,Sushi Bars;Japanese,No,1
94,249,249,640,6,buddakan,75 9th ave ,"75 9th ave new york city, ny 10011-7006",Chinese;Japanese;Asian,No,chelsea market,75 9th ave,75 9th avenew york ny 10011,Public Markets,No,0
3,4,4,26,1972,pret a manger,30 rockefeller plz ,"30 rockefeller plz new york city, ny 10112-0015",American;Cafe;Fast Food,Yes,bar sixtyfive,30 rockefeller plzfl 65,30 rockefeller plzfl 65new york ny 10112,Cocktail Bars;Venues & Event Spaces;American (New),No,1
509,1378,1378,3295,2070,trademark burger,110 thompson st ,"110 thompson st new york city, ny 10012-3749",American,No,cocotte,110 thompson st,110 thompson stnew york ny 10012,French;Basque,No,0
125,328,328,805,3096,peacock alley,301 park ave ,"301 park ave new york city, ny 10022-6844",American;Seafood;Vegetarian Friendly,No,peacock alley,301 park avewaldorf astoria,301 park avewaldorf astorianew york ny 10022,Breakfast & Brunch;American (New);Lounges,Yes,1
280,743,743,1923,5,tuck shop,75 9th ave ,"75 9th ave new york city, ny 10011-7006",Australian,Yes,los tacos no.1,75 9th ave,75 9th avenew york ny 10011,Mexican,Yes,0
286,762,762,1930,2388,the dutch,131 sullivan st ,"131 sullivan st new york city, ny 10012-3043",Seafood;American;Contemporary,No,the dutch,131 sullivan st,131 sullivan stnew york ny 10012,American (Traditional),Yes,1
77,197,197,497,2344,wallse,344 w 11th st ,"344 w 11th st new york city, ny 10014-2391",German;Austrian;European,No,wallse,344 w 11th st,344 w 11th stnew york ny 10014,German;Austrian;Modern European,No,1
563,1538,1538,3682,272,nippon restaurant,155 e 52nd st ,"155 e 52nd st new york city, ny 10022-6029",Japanese;Sushi;Asian,No,ground central,155 e 52nd st,155 e 52nd stnew york ny 10022,Coffee & Tea;Salad;Sandwiches,Yes,0
444,1199,1199,2987,2525,bar boulud,1900 broadway ,"1900 broadway new york city, ny 10023-7004",French;Vegetarian Friendly;Gluten Free Options,No,bar boulud,1900 broadway,1900 broadwaynew york ny 10023,French;Wine Bars,No,1
184,479,479,1173,2707,temple court,5 beekman st ,"5 beekman st new york city, ny 10038-2206",American;Vegetarian Friendly,No,temple court,5 beekman st,5 beekman stnew york ny 10038,American (New);Bars;Breakfast & Brunch,No,1
371,1019,1019,2615,2429,knickerbocker bar & grill,33 university pl ,"33 university pl new york city, ny 10003-4512",American;Steakhouse;Bar,No,knickerbocker bar & grill,33 university pl,33 university plnew york ny 10003,American (Traditional),Yes,1
599,1624,1624,3891,436,pret a manger,1020 avenue of the americas ,"1020 avenue of the americas new york city, ny 10018-5458",American;Cafe;Fast Food,Yes,chick-fil-a,1000 avenue of the americas,1000 avenue of the americasnew york ny 10018,Fast Food,Yes,0
587,1605,1605,3856,2318,gabriel's,11 w 60th st ,"11 w 60th st new york city, ny 10023-7917",Italian;Vegetarian Friendly;Gluten Free Options,No,gabriel’s bar & restaurant,11 w 60th st,11 w 60th stnew york ny 10023,Italian;Bars,Yes,1
275,725,725,1879,165,punjabi grocery & deli,114 1st ave ,"114 1st ave new york city, ny 10009-5726",Indian;Delicatessen;Vegetarian Friendly,No,punjabi grocery & deli,114 e 1st st,114 e 1st stnew york ny 10009,Indian;Grocery;Delis,Yes,1
294,779,779,1976,1560,trattoria belvedere,165 lexington ave ,"165 lexington ave new york city, ny 10016-0008",Italian;Gluten Free Options,Yes,trattoria belvedere,165 lexington ave,165 lexington avenew york ny 10016,Italian;Seafood,Yes,1
566,1545,1545,3708,1552,taqueria st. mark's place,71 saint marks pl ,"71 saint marks pl new york city, ny 10003-7942",Mexican;Latin,Yes,taqueria st. marks place,79 st marks pl,79 st marks plnew york ny 10003,Mexican,Yes,1
182,474,474,1163,1828,poulette,790 9th ave ,"790 9th ave new york city, ny 10019-5613",French,No,kings of kobe,790 9th ave,790 9th avenew york ny 10019,Hot Dogs;Burgers;Breakfast & Brunch,Yes,0
32,81,81,204,2876,rainbow room,30 rockefeller plz ,"30 rockefeller plz new york city, ny 10112-0015",American;Contemporary;Vegetarian Friendly,No,rainbow room,30 rockefeller plzfl 65,30 rockefeller plzfl 65new york ny 10112,American (New);Venues & Event Spaces,No,1
80,217,217,556,1793,candle cafe,1307 3rd ave ,"1307 3rd ave new york city, ny 10021-3301",American;Cafe;Vegetarian Friendly,Yes,the candle cafe,1307 3rd ave,1307 3rd avenew york ny 10021,Vegan;Gluten-Free;Sandwiches,Yes,1
307,803,803,2045,452,jimmy's corner,140 w 44th st ,"140 w 44th st new york city, ny 10036-4046",Pub,No,jimmy’s corner,140 w 44th st,140 w 44th stnew york ny 10036,Sports Bars;Dive Bars,No,1
258,686,686,1798,1645,harlem public,3612 broadway ,"3612 broadway new york city, ny 10031-3219",American;Bar;Pub,No,at the wallace,3612 broadway,3612 broadwaynew york ny 10031,Sports Bars;American (Traditional);Hot Dogs,Yes,0
11,35,35,122,2902,uchu,217 eldridge st ,"217 eldridge st new york city, ny 10002-1317",Japanese;Bar;Sushi,No,uchu,217 eldridge st,217 eldridge stnew york ny 10002,Sushi Bars,No,1
360,976,976,2534,1166,dizengoff,75 9th ave ,"75 9th ave new york city, ny 10011-7006",Israeli;Mediterranean;Middle Eastern,Yes,cull & pistol oyster bar,75 9th ave,75 9th avenew york ny 10011,Seafood;Wine Bars,No,0
43,108,108,284,2273,vinegar hill house,"72 hudson ave brooklyn, ny 11201-122","72 hudson ave brooklyn, ny 11201-1222",American;Vegetarian Friendly;Gluten Free Options,No,vinegar hill house,72 hudson avebrooklyn ,72 hudson avebrooklyn ny 11201,American (New),No,1
86,235,235,599,2436,antonucci,170 e 81st st ,"170 e 81st st new york city, ny 10028-1804",Italian,No,antonucci cafe,170 e 81st st,170 e 81st stnew york ny 10028,Italian,Yes,1
36,93,93,241,1700,le district,225 liberty st ,"225 liberty st new york city, ny 10281-1048",French;Vegetarian Friendly;Vegan Options,Yes,tartinery hudson eats,225 liberty st,225 liberty stnew york ny 10281,French,Yes,0
58,144,144,363,279,merilu pizza al metro,791 9th ave ,"791 9th ave new york city, ny 10019-5643",Italian;Pizza;Vegetarian Friendly,Yes,merilu pizza al metro,791 9th ave,791 9th avenew york ny 10019,Italian;Pizza,Yes,1
41,105,105,275,2614,bryant park grill,25 w 40th st ,"25 w 40th st new york city, ny 10018-2601",American;Vegetarian Friendly;Vegan Options,No,bryant park grill,25 w 40th st,25 w 40th stnew york ny 10018,Bars;American (New);Venues & Event Spaces,No,1
411,1103,1103,2783,1087,t salon chelsea market,75 9th ave ,"75 9th ave new york city, ny 10011-7006",,No,chelsea market,75 9th ave,75 9th avenew york ny 10011,Public Markets,No,1
209,552,552,1371,1838,baker & co,259 bleecker st ,"259 bleecker st new york city, ny 10014-4103",Italian;European;Vegetarian Friendly,Yes,baker & co,259 bleecker st,259 bleecker stnew york ny 10014,Italian;Breakfast & Brunch;Wine Bars,Yes,1
148,391,391,982,2648,omen,113 thompson st ,"113 thompson st new york city, ny 10012-3714",Japanese;Asian;Sushi,No,omen azen,113 thompson st,113 thompson stnew york ny 10012,Japanese,No,1
123,324,324,788,386,mandoo bar,2 w 32nd st ,"2 w 32nd st new york city, ny 10001-3809",Asian;Korean;Vegetarian Friendly,Yes,e-mo,2 w 32nd st,2 w 32nd stnew york ny 10001,Korean,Yes,0
98,267,267,662,3085,atrio wine bar & restaurant,102 n end ave ,"102 n end ave new york city, ny 10282-1238",American;Vegetarian Friendly;Gluten Free Options,No,conrad new york hotel,102 n end ave,102 n end avenew york ny 10282,Hotels,No,0
377,1032,1032,2651,1331,curry-ya,214 e 10th st ,"214 e 10th st new york city, ny 10003-7706",Asian;Japanese,Yes,hi-collar,214 e 10th st,214 e 10th stnew york ny 10003,Japanese;Coffee & Tea;Bars,No,0
130,341,341,851,1222,jongro bbq,22 w 32nd st ,"22 w 32nd st new york city, ny 10001-3807",Barbecue;Asian;Korean,Yes,jongro bbq,22 w 32nd stfl 2,22 w 32nd stfl 2new york ny 10001,Korean;Barbeque;Beer Bar,No,1
23,66,66,168,998,the masalawala,179 essex st ,"179 essex st new york city, ny 10002-1547",Indian;Vegetarian Friendly;Vegan Options,Yes,the masalawala,179 essex st,179 essex stnew york ny 10002,Indian;Pakistani,Yes,1
528,1440,1440,3433,544,taqueria diana,129 2nd ave ,"129 2nd ave new york city, ny 10003-8348",Mexican;Fast Food;Latin,Yes,taqueria diana,129 2nd ave,129 2nd avenew york ny 10003,Mexican,Yes,1
370,1010,1010,2586,2195,untitled,99 gansevoort st ,"99 gansevoort st new york city, ny 10014-1404",American;Vegetarian Friendly;Vegan Options,No,untitled,99 gansevoort st,99 gansevoort stnew york ny 10014,American (New);Breakfast & Brunch;Wine Bars,No,1
512,1393,1393,3345,2382,bar ciccio alimentari,190 avenue of the americas ,"190 avenue of the americas new york city, ny 10013-1222",Italian;Vegetarian Friendly,No,48 lounge,1221 avenue of the americas,1221 avenue of the americasnew york ny 10020,Lounges;Venues & Event Spaces,No,0
383,1051,1051,2679,2343,celon cocktail bar & lounge,40 w 40th st ,"40 w 40th st new york city, ny 10018-2602",Bar;International;Mediterranean,No,bryant park hotel,40 w 40th st,40 w 40th stnew york ny 10018,Hotels,No,0
201,522,522,1307,1299,buvette gastrotheque,42 grove st ,"42 grove st new york city, ny 10014-5310",French;Cafe;European,No,buvette,42 grove st,42 grove stnew york ny 10014,French;Italian;Breakfast & Brunch,No,1
368,1003,1003,2575,1549,creamline,75 9th ave ,"75 9th ave new york city, ny 10011-7006",American;Fast Food,Yes,dizengoff nyc,75 9th ave,75 9th avenew york ny 10011,Middle Eastern,Yes,0
387,1059,1059,2690,2957,wolfgang's steakhouse,4 park ave ,"4 park ave new york city, ny 10016-5339",American;Steakhouse;Gluten Free Options,No,wolfgang’s steakhouse,4 park ave,4 park avenew york ny 10016,Steakhouses,No,1
292,772,772,1958,2227,llama inn,"50 withers st brooklyn, ny 11211-121","50 withers st brooklyn, ny 11211-1214",Peruvian;Latin;Vegetarian Friendly,No,llama inn,50 withers stbrooklyn ,50 withers stbrooklyn ny 11211,Peruvian;Bars,No,1
256,680,680,1790,2319,la pizza & la pasta,200 5th ave ,"200 5th ave new york city, ny 10010-3302",Italian;Pizza;Vegetarian Friendly,Yes,manzo ristorante,200 5th ave,200 5th avenew york ny 10010,Italian,No,0
197,509,509,1265,1044,londel's supper club,2620 frederick douglass blvd ,"2620 frederick douglass blvd new york city, ny 10030-1704",American,No,serengeti teas & spices,2292 frederick douglass blvd,2292 frederick douglass blvdnew york ny 10027,Coffee & Tea;Tea Rooms,Yes,0
95,255,255,640,1549,buddakan,75 9th ave ,"75 9th ave new york city, ny 10011-7006",Chinese;Japanese;Asian,No,dizengoff nyc,75 9th ave,75 9th avenew york ny 10011,Middle Eastern,Yes,0
582,1587,1587,3808,2365,jubilee,948 1st ave ,"948 1st ave new york city, ny 10022-6471",French;European;Vegetarian Friendly,No,jubilee,948 1st ave,948 1st avenew york ny 10022,French,Yes,1
169,441,441,1076,1700,hudson eats,225 liberty st ,"225 liberty st new york city, ny 10281-1048",Japanese;American;Fast Food,Yes,tartinery hudson eats,225 liberty st,225 liberty stnew york ny 10281,French,Yes,1
305,801,801,2032,1612,the brindle room,277 e 10th st ,"277 e 10th st new york city, ny 10009-4825",American,Yes,brindle room,277 e 10th st,277 e 10th stnew york ny 10009,American (New);Bars;Breakfast & Brunch,Yes,1
373,1023,1023,2625,1944,blossom vegan restaurant,187 9th ave ,"187 9th ave new york city, ny 10011-4906",American;Vegetarian Friendly;Vegan Options,Yes,blossom,187 9th ave,187 9th avenew york ny 10011,Vegetarian;Vegan,Yes,1
227,609,609,1543,1430,la isla restaurant,"104 washington st hoboken, nj 07030-460","104 washington st hoboken, nj 07030-4604",Caribbean;Latin;Spanish,Yes,la isla restaurant,104 washington sthoboken ,104 washington sthoboken nj 07030,Cuban,Yes,1
143,382,382,956,2796,tevere kosher cuisine of rome,155 e 84th st ,"155 e 84th st new york city, ny 10028-2060",Italian;Kosher,No,tevere,155 e 84th st,155 e 84th stnew york ny 10028,Italian;Kosher,Yes,1
180,472,472,1154,2117,the bar downstairs,485 5th ave ,"485 5th ave new york city, ny 10017-6149",Bar,No,the bar downstairs,485 5th ave,485 5th avenew york ny 10018,Lounges;Tapas/Small Plates;Cocktail Bars,No,1
131,343,343,856,2178,abc cocina,38 e 19th st ,"38 e 19th st new york city, ny 10003",Mexican;Latin;Spanish,No,abc cocina,38 e 19th st,38 e 19th stnew york ny 10003,Tapas/Small Plates;Cocktail Bars;Spanish,No,1
47,119,119,304,414,patzeria perfect pizza,231 w 46th st ,"231 w 46th st new york city, ny 10036-1409",Italian;Pizza;Fast Food,Yes,patzeria perfect pizza,231 w 46th st,231 w 46th stnew york ny 10036,Pizza;Diners,Yes,1
324,854,854,2191,2875,hale and hearty soup,30 rockefeller plz ,"30 rockefeller plz new york city, ny 10112-0015",Soups;Vegetarian Friendly,Yes,bar sixtyfive,30 rockefeller plzfl 65,30 rockefeller plzfl 65new york ny 10112,Cocktail Bars;Venues & Event Spaces;American (New),No,0
203,529,529,1322,2177,aldo sohm wine bar,151 w 51st st ,"151 w 51st st new york city, ny 10019-6019",Wine Bar,No,aldo sohm wine bar,151 w 51st st,151 w 51st stnew york ny 10019,Wine Bars;French;American (New),No,1
84,232,232,595,1815,mighty quinn's barbeque,75 greenwich ave ,"75 greenwich ave new york city, ny 10014-2226",American;Barbecue,Yes,roasting plant,75 greenwich ave,75 greenwich avenew york ny 10014,Coffee & Tea,Yes,0
398,1080,1080,2741,2596,per se,10 columbus cir ,"10 columbus cir new york city, ny 10019-1158",French;American;Vegetarian Friendly,No,landmarc,10 columbus cirfl 3,10 columbus cirfl 3new york ny 10019,Breakfast & Brunch;American (New);Bars,Yes,0
91,243,243,627,1700,dos toros taqueria,225 liberty st ,"225 liberty st new york city, ny 10281-1048",,No,tartinery hudson eats,225 liberty st,225 liberty stnew york ny 10281,French,Yes,0
82,229,229,588,2434,simon sips,1185 avenue of the americas ,"1185 avenue of the americas new york city, ny 10036-2601",,No,stk midtown,1114 avenue of the americas,1114 avenue of the americasnew york ny 10036,Steakhouses;American (New);Cocktail Bars,No,0
430,1154,1154,2873,2299,viceversa,325 w 51st st ,"325 w 51st st new york city, ny 10019-6424",Italian;Vegetarian Friendly;Gluten Free Options,No,viceversa,325 w 51st st,325 w 51st stnew york ny 10019,Italian,No,1
119,314,314,768,2964,dominique bistro,14 christopher st ,"14 christopher st new york city, ny 10014-3523",French;European;Wine Bar,Yes,omakase room by tatsu,14 christopher st,14 christopher stnew york ny 10014,Sushi Bars;Japanese,No,1
291,767,767,1951,2542,butter midtown,70 w 45th st ,"70 w 45th st new york city, ny 10036-4202",American;Vegetarian Friendly;Vegan Options,No,butter midtown,70 w 45th st,70 w 45th stnew york ny 10036,American (New),Yes,1
57,143,143,360,1311,piacere,351 broome st ,"351 broome st new york city, ny 10013-4236",Italian;Pizza;Vegetarian Friendly,Yes,piacere,351 broome st,351 broome stnew york ny 10013,Pizza;Italian,Yes,1
321,843,843,2167,2982,48 lounge,1221 avenue of the americas ,"1221 avenue of the americas new york city, ny 10020-1001",American;Bar;Spanish,No,mastro’s steakhouse,1285 avenue of the americas,1285 avenue of the americasnew york ny 10019,Steakhouses,No,0
257,685,685,1798,1350,harlem public,3612 broadway ,"3612 broadway new york city, ny 10031-3219",American;Bar;Pub,No,harlem public,3612 broadway,3612 broadwaynew york ny 10031,American (New);Pubs,Yes,1
574,1571,1571,3783,213,friedman's lunch,75 9th ave ,"75 9th ave new york city, ny 10011-7006",American;Vegetarian Friendly;Vegan Options,Yes,ninth street espresso,75 9th ave,75 9th avenew york ny 10011,Coffee & Tea;Cafes,Yes,0
442,1197,1197,2982,3013,chopt,225 liberty st ,"225 liberty st new york city, ny 10281-1048",,No,l’appart,225 liberty st,225 liberty stnew york ny 10281,French,No,0
42,106,106,276,2357,the sea grill,19 w 49th st ,"19 w 49th st new york city, ny 10020-2206",American;Seafood;Soups,No,the sea grill,19 w 49th st,19 w 49th stnew york ny 10020,Seafood;American (New);Sushi Bars,Yes,1
388,1061,1061,2694,1102,izakaya mew,53 w 35th st ,"53 w 35th st new york city, ny 10001-2219",Japanese;Sushi;Asian,Yes,izakaya mew,53 w 35th st,53 w 35th stnew york ny 10001,Tapas Bars;Sushi Bars;Izakaya,Yes,1
335,882,882,2248,2382,garden deli,801 avenue of the americas ,"801 avenue of the americas new york city, ny 10001-6311",,No,48 lounge,1221 avenue of the americas,1221 avenue of the americasnew york ny 10020,Lounges;Venues & Event Spaces,No,0
273,722,722,1873,424,crif dogs,113 saint marks pl ,"113 saint marks pl new york city, ny 10009-5161",American;Fast Food,Yes,crif dogs,113 saint marks pl,113 saint marks plnew york ny 10009,Hot Dogs;American (New),Yes,1
488,1316,1316,3163,1114,harney & sons soho,433 broome st ,"433 broome st new york city, ny 10013-2622",,No,harney & sons soho,433 broome stground fl,433 broome stground flnew york ny 10013,Coffee & Tea,Yes,1
550,1500,1500,3587,2577,august,791 lexington ave ,"791 lexington ave new york city, ny 10065-8162",American;Gluten Free Options;Vegetarian Friendly,No,august,791 lexington ave,791 lexington avenew york ny 10065,American (Traditional);Cocktail Bars,No,1
53,133,133,346,859,peter dillon's,130 e 40th st ,"130 e 40th st new york city, ny 10016-0941",Pub,No,peter dillon’s,130 e 40th st,130 e 40th stnew york ny 10016,Irish Pub;Beer Bar,No,1
567,1547,1547,3710,587,downtown bakery,69 1st ave ,"69 1st ave new york city, ny 10003-9417",Mexican,No,downtown bakery,69 1st ave,69 1st avenew york ny 10003,Mexican,Yes,1
128,332,332,816,1939,rocco steakhouse,72 madison ave ,"72 madison ave new york city, ny 10016-8731",Italian;Seafood;American,No,rocco steakhouse,72 madison ave,72 madison avenew york ny 10016,American (Traditional);Steakhouses;Seafood,Yes,1
28,72,72,180,3146,marea,240 central park s ,"240 central park s new york city, ny 10019-1457",Italian;Seafood;Mediterranean,No,bobby van’s cps,40 central park s,40 central park snew york ny 10019,Steakhouses;American (New),Yes,1
183,477,477,1170,1611,safari restaurant,219 w 116th st ,"219 w 116th st new york city, ny 10026-2851",African,No,safari restaurant nyc,219 w 116th st,219 w 116th stnew york ny 10026,African,Yes,1
459,1233,1233,3030,1087,filaga pizzeria e rosticerria siciliana,75 9th ave ,"75 9th ave new york city, ny 10011-7006",Italian;Pizza;Fast Food,Yes,chelsea market,75 9th ave,75 9th avenew york ny 10011,Public Markets,No,0
510,1386,1386,3318,3013,blue ribbon sushi bar - hudson eats,225 liberty st ,"225 liberty st new york city, ny 10281-1048",Japanese;Sushi;Asian,Yes,l’appart,225 liberty st,225 liberty stnew york ny 10281,French,No,0
151,399,399,995,2822,bouley at home,31 w 21st st ,"31 w 21st st new york city, ny 10010-7044",French;Japanese,No,bouley at home,31 w 21st st,31 w 21st stnew york ny 10010,American (New),No,1
244,646,646,1653,1361,piccoli trattoria,"522 6th ave brooklyn, ny 11215-677","522 6th ave brooklyn, ny 11215-6776",Italian;Gluten Free Options;Vegetarian Friendly,No,piccoli trattoria,522 6th avebrooklyn ,522 6th avebrooklyn ny 11215,Italian;Wine Bars;Breakfast & Brunch,Yes,1
543,1482,1482,3540,1872,hell's kitchen,754 9th ave ,"754 9th ave new york city, ny 10019-8419",American;Vegetarian Friendly;Vegan Options,Yes,hell’s kitchen,754 9th ave,754 9th avenew york ny 10019,Mexican;Cocktail Bars,Yes,1
544,1484,1484,3549,2316,the leopard at des artistes,1 w 67th st ,"1 w 67th st new york city, ny 10023-6200",Italian;European;Mediterranean,Yes,the leopard at des artistes,1 w 67th st,1 w 67th stnew york ny 10023,Italian,Yes,1
265,700,700,1826,3119,fred's at barneys new york,660 madison ave ,"660 madison ave new york city, ny 10065-8405",American;Vegetarian Friendly;Vegan Options,No,freds madison avenue,660 madison avefl 9,660 madison avefl 9new york ny 10065,American (New);Breakfast & Brunch,Yes,1
288,764,764,1940,1890,freda's,993 columbus ave ,"993 columbus ave new york city, ny 10025-2502",Caribbean;Jamaican,Yes,freda’s caribbean & soul cuisine,993 columbus ave,993 columbus avenew york ny 10025,Caribbean;Soul Food,Yes,1
423,1139,1139,2844,1961,minetta tavern,113 macdougal st ,"113 macdougal st new york city, ny 10012-1201",American;Bar,No,minetta tavern,113 macdougal st,113 macdougal stnew york ny 10012,French;American (New);Breakfast & Brunch,No,1
147,389,389,979,2903,sparks steak house,210 e 46th st ,"210 e 46th st new york city, ny 10017-2903",American;Steakhouse;Gluten Free Options,No,sparks steak house,210 e 46th st,210 e 46th stnew york ny 10017,Steakhouses,No,1
177,464,464,1128,2731,megu,355 w 16th st ,"355 w 16th st new york city, ny 10011-5902",Japanese;Sushi;Asian,Yes,megu,355 w 16th st,355 w 16th stnew york ny 10011,Japanese,Yes,1
99,269,269,667,216,taim nolita,45 spring st ,"45 spring st new york city, ny 10012-4106",Middle Eastern;Israeli;Fast Food,Yes,taim nolita,45 spring st,45 spring stnew york ny 10012,Falafel,Yes,1
448,1209,1209,3001,1701,candle cafe west,2427 broadway ,"2427 broadway new york city, ny 10024-1706",Vegetarian Friendly;Vegan Options;Gluten Free Options,Yes,candle cafe west,2427 broadway,2427 broadwaynew york ny 10024,Cafes,Yes,1
431,1158,1158,2875,2631,manzo,200 5th ave ,"200 5th ave new york city, ny 10010-3302",Italian,No,il pesce,200 5th ave,200 5th avenew york ny 10010,Seafood;Italian,No,0
115,310,310,755,2382,2 bros pizza - chelsea area,601 avenue of the americas ,"601 avenue of the americas new york city, ny 10011-2025",Pizza;Fast Food,Yes,48 lounge,1221 avenue of the americas,1221 avenue of the americasnew york ny 10020,Lounges;Venues & Event Spaces,No,0
72,180,180,449,2897,torishin,362 w 53rd st ,"362 w 53rd st new york city, ny 10019-5940",Japanese;Asian,No,torishin,362 w 53rd st,362 w 53rd stnew york ny 10019,Japanese,Yes,1
537,1470,1470,3516,2458,blue fin,1567 broadway ,"1567 broadway new york city, ny 10036-1517",Japanese;American;Seafood,No,blue fin,1567 broadway,1567 broadwaynew york ny 10036,Sushi Bars;Seafood,Yes,1
174,459,459,1112,3159,the skylark,200 w 39th st fl 30 ,"200 w 39th st fl 30 new york city, ny 10018-8242",American;Bar,No,the skylark,200 w 39th stfl 30,200 w 39th stfl 30new york ny 10018,Cocktail Bars;Venues & Event Spaces,No,1
87,236,236,602,2193,bacaro,136 division st ,"136 division st new york city, ny 10002-6129",Italian,No,bacaro,136 division st,136 division stnew york ny 10002,Italian;Wine Bars;Cocktail Bars,Yes,1
551,1502,1502,3594,841,l & m delicatessen & grocery,80 7th ave ,"80 7th ave new york city, ny 10011-6646",Delicatessen;Grill;Vegetarian Friendly,Yes,l & m delicatessen & catering,80 7th ave,80 7th avenew york ny 10011,Delis;Grocery;Salad,Yes,1
486,1313,1313,3157,2982,shu han ju,465 avenue of the americas ,"465 avenue of the americas new york city, ny 10011-8450",Chinese;Asian,Yes,mastro’s steakhouse,1285 avenue of the americas,1285 avenue of the americasnew york ny 10019,Steakhouses,No,0
314,821,821,2093,3158,brasserie ruhlmann,45 rockefeller plz ,"45 rockefeller plz new york city, ny 10111-0100",French;Vegetarian Friendly;Gluten Free Options,Yes,brasserie ruhlmann,45 rockefeller plz,45 rockefeller plznew york ny 10111,French;Brasseries,Yes,1
396,1077,1077,2740,1100,luke's lobster east village,93 e 7th st ,"93 e 7th st new york city, ny 10009-5702",American;Seafood;Fast Food,Yes,luke’s lobster east village,93 e 7th st,93 e 7th stnew york ny 10009,Seafood,Yes,1
472,1268,1268,3092,213,beyond sushi,75 9th ave ,"75 9th ave new york city, ny 10011-7006",Healthy;Fast Food;Sushi,Yes,ninth street espresso,75 9th ave,75 9th avenew york ny 10011,Coffee & Tea;Cafes,Yes,0
70,176,176,445,2541,sant ambroeus,259 w 4th st ,"259 w 4th st new york city, ny 10014-3205",Italian;European;Vegetarian Friendly,No,sant ambroeus west village,259 w 4th st,259 w 4th stnew york ny 10014,Italian;Desserts;Coffee & Tea,Yes,1
277,735,735,1910,1169,capizzi,547 9th ave ,"547 9th ave new york city, ny 10018-1324",Italian;Pizza;Vegetarian Friendly,Yes,capizzi,547 9th ave,547 9th avenew york ny 10018,Pizza,Yes,1
9,26,26,87,622,kung fu tea,73 chrystie st ,"73 chrystie st new york city, ny 10002-5034",Cafe,No,kung fu tea,73 chrystie st,73 chrystie stnew york ny 10002,Coffee & Tea;Bubble Tea;Juice Bars & Smoothies,Yes,1
359,970,970,2533,2434,bluestone lane,1114 avenue of the americas ,"1114 avenue of the americas new york city, ny 10036-7703",Cafe;Australian;Vegan Options,Yes,stk midtown,1114 avenue of the americas,1114 avenue of the americasnew york ny 10036,Steakhouses;American (New);Cocktail Bars,No,0
192,497,497,1213,2876,lennys thirty rock,30 rockefeller plz ,"30 rockefeller plz new york city, ny 10112-0015",,No,rainbow room,30 rockefeller plzfl 65,30 rockefeller plzfl 65new york ny 10112,American (New);Venues & Event Spaces,No,0
559,1528,1528,3673,5,takumi,75 9th ave ,"75 9th ave new york city, ny 10011-7006",Mexican;Japanese;Fast Food,Yes,los tacos no.1,75 9th ave,75 9th avenew york ny 10011,Mexican,Yes,0
